genres,numvotes
News,31.0
Documentary,3693.990099009901
Musical,38437.9
Sport,50220.46511627907
War,53136.555555555555
