genres,profit
War,25496372.962962963
Documentary,31380889.564356435
History,33801364.375
News,34730578.0
Musical,37569823.6
