genres,profit
Animation,242437147.92105263
Sci-Fi,225683794.53691274
Adventure,225089139.8115183
Action,154860044.77196652
Fantasy,142233922.9856115
