genres,numvotes
Sci-Fi,242303.44966442953
Adventure,181760.01832460734
Western,180804.45454545456
Action,165703.01464435147
Fantasy,131862.24460431654
